{
  "sprite": {
    "2x": [
      0,
      2924.580498866213
    ],
    "2xprizeupdate": [
      4000,
      1423.832199546485
    ],
    "ambiance": [
      7000,
      29539.342403628118,
      true
    ],
    "bigwin": [
      38000,
      4180.725623582766
    ],
    "flip": [
      44000,
      2148.6167800453513
    ],
    "generalwin": [
      48000,
      1725.782312925169
    ],
    "Key_Big": [
      51000,
      3178.072562358274
    ],
    "Key_Small": [
      56000,
      3243.242630385488
    ],
    "lockedreveal": [
      61000,
      1694.3990929705208
    ],
    "match": [
      64000,
      1305.3061224489825
    ],
    "matchlocked": [
      67000,
      1528.4580498866235
    ],
    "play": [
      70000,
      1000
    ],
    "revealall": [
      72000,
      1678.1632653061251
    ],
    "revealwinning": [
      75000,
      1759.8639455782318
    ],
    "rollup": [
      78000,
      4753.219954648529,
      true
    ],
    "rollupend": [
      84000,
      1166.485260770969
    ],
    "youwon": [
      87000,
      4189.795918367352
    ]
  },
  "src": [
    "sprite.mp3"
  ]
}