{
  "sprite": {
    "Big_Win": [
      0,
      3583.492063492063
    ],
    "Bonus_Ambiance": [
      5000,
      27048.503401360547,
      true
    ],
    "Bonus_Entrance": [
      34000,
      6795.623582766439
    ],
    "Bonus_General_Win": [
      42000,
      3898.435374149656
    ],
    "Bonus_Last_Round": [
      47000,
      2362.993197278911
    ],
    "Bonus_Match": [
      51000,
      590.5442176870749
    ],
    "Bonus_Spins_Left": [
      53000,
      1782.78911564626
    ],
    "Bonus_Spin_Wheel": [
      56000,
      11873.015873015873
    ],
    "Bonus_Stop_Wheel_01": [
      69000,
      561.8820861677989
    ],
    "Bonus_Stop_Wheel_02": [
      71000,
      266.4399092970484
    ],
    "Bonus_Stop_Wheel_03": [
      73000,
      200.702947845798
    ],
    "Bonus_Stop_Wheel_04": [
      75000,
      62.494331065764186
    ],
    "Bonus_Summary_Pop_Up": [
      77000,
      3417.1428571428632
    ],
    "Continue_Btn": [
      82000,
      916.6666666666714
    ],
    "Envelope_After_shuffle": [
      84000,
      2493.922902494333
    ],
    "Envelope_Close": [
      88000,
      561.2244897959187
    ],
    "Envelope_flying": [
      90000,
      1117.142857142852
    ],
    "Envelope_open": [
      93000,
      1418.843537414972
    ],
    "Envelope_Opens": [
      96000,
      617.2108843537387
    ],
    "Envelope_Pick": [
      98000,
      792.5623582766406
    ],
    "Envelope_Prize_Reveal": [
      100000,
      1666.054421768706
    ],
    "Envelope_Prize_Reveal_final": [
      103000,
      5144.965986394553
    ],
    "Envelope_Shuffle": [
      110000,
      3053.2879818594124
    ],
    "General_Win": [
      115000,
      3243.265306122453
    ],
    "ITS_A_WINNER": [
      120000,
      3217.9591836734717
    ],
    "Legend_Win": [
      125000,
      1728.2539682539664
    ],
    "Main_Ambiance": [
      128000,
      85333.35600907031,
      true
    ],
    "Main_Cell_Reveal": [
      215000,
      1045.9637188208717
    ],
    "Main_Cell_Surprize_Win": [
      218000,
      1452.9478458049994
    ],
    "Main_Cell_Win": [
      221000,
      1328.6621315192804
    ],
    "Main_Entrance": [
      224000,
      4760.929705215432
    ],
    "Main_Scatter_Appearance": [
      230000,
      785.759637188221
    ],
    "Main_Scatter_Fly": [
      232000,
      661.85941043085
    ],
    "Main_Scatter_Legend": [
      234000,
      798.0045351473848
    ],
    "Main_Wheel_Indicator": [
      236000,
      877.1655328798147
    ],
    "Main_Wheel_Spin_Single_01": [
      238000,
      99.22902494329833,
      true
    ],
    "Main_Wheel_Spin_Single_02": [
      240000,
      99.22902494329833,
      true
    ],
    "Main_Wheel_Stop": [
      242000,
      255.5328798185883
    ],
    "OPT_IN_BTN": [
      244000,
      916.6666666666572
    ],
    "Rollup": [
      246000,
      4438.367346938776,
      true
    ],
    "Rollup_Final_Frame": [
      252000,
      902.8571428571297
    ],
    "theme_song": [
      254000,
      13528.458049886638,
      true
    ]
  },
  "src": [
    "sprite.mp3"
  ]
}