{
  "sprite": {
    "Big_Win": [
      0,
      3583.492063492063
    ],
    "Bonus_Entrance": [
      34000,
      6795.623582766439
    ],
    "Bonus_General_Win": [
      42000,
      3898.435374149656
    ],
    "Bonus_Match": [
      51000,
      590.5442176870749
    ],
    "Bonus_Summary_Pop_Up": [
      77000,
      3417.1428571428632
    ],
    "Envelope_After_shuffle": [
      84000,
      2493.922902494333
    ],
    "Envelope_Close": [
      88000,
      561.2244897959187
    ],
    "Envelope_flying": [
      90000,
      1117.142857142852
    ],
    "Envelope_open": [
      93000,
      1418.843537414972
    ],
    "Envelope_Opens": [
      96000,
      617.2108843537387
    ],
    "Envelope_Prize_Reveal": [
      100000,
      1666.054421768706
    ],
    "Envelope_Prize_Reveal_final": [
      103000,
      5144.965986394553
    ],
    "Envelope_Shuffle": [
      110000,
      3053.2879818594124
    ],
    "General_Win": [
      115000,
      3243.265306122453
    ],
    "ITS_A_WINNER": [
      120000,
      3217.9591836734717
    ],
    "Main_Cell_Reveal": [
      215000,
      316.2585034013716
    ],
    "Main_Cell_Surprize_Win": [
      217000,
      1452.9478458049994
    ],
    "Main_Cell_Win": [
      220000,
      1328.6621315192804
    ],
    "Main_Scatter_Appearance": [
      229000,
      785.759637188221
    ],
    "Main_Scatter_Fly": [
      231000,
      661.85941043085
    ],
    "Main_Wheel_Spin_Single_02": [
      239000,
      99.22902494329833,
      true
    ],
    "Rollup": [
      245000,
      4438.367346938776,
      true
    ],
    "Rollup_Final_Frame": [
      251000,
      902.8571428571297
    ],
    "theme_song": [
      253000,
      13528.458049886638,
      true
    ]
  },
  "src": [
    "sprite.mp3"
  ]
}