{
  "sprite": {
    "Ambiance_bonus": [
      0,
      25874.784580498865,
      true
    ],
    "Big_win_pop_up": [
      90000,
      3591.9501133786866
    ],
    "Bonus_Scatter_flying": [
      95000,
      1000
    ],
    "Bonus_Scatter_reveal": [
      97000,
      2208.7981859410493
    ],
    "Enter_Bonus_popup_full_flow": [
      122000,
      5987.573696145119
    ],
    "General_Win": [
      136000,
      2533.174603174615
    ],
    "Its_a_winner": [
      142000,
      3487.936507936496
    ],
    "Play": [
      150000,
      1000
    ],
    "Prize_Meter_fill": [
      155000,
      1000
    ],
    "Rollup": [
      160000,
      5900.725623582758,
      true
    ],
    "Rollup_End": [
      167000,
      1017.8004535147522
    ],
    "Scatter_coins_flying": [
      170000,
      1905.759637188197
    ],
    "Scatter_flying": [
      173000,
      1204.829931972796
    ],
    "Scatter_reveal": [
      176000,
      1645.6916099773196
    ],
    "Summary": [
      179000,
      4817.95918367348
    ],
    "Winning_cell": [
      185000,
      1670.4081632653072
    ]
  },
  "src": [
    "sprite.webm",
    "sprite.mp3",
    "sprite.m4a",
    "sprite.ogg"
  ]
}